{
  "in_sample_metrics": {
    "total_return_%": 343.0967112862427,
    "max_drawdown_%": 2.6905315917060824,
    "sharpe_ratio": 1.4586199221655078,
    "sortino_ratio": 1.4419441960028352,
    "calmar_ratio": 8.463580372901022,
    "total_trades": 46,
    "win_rate_%": 82.6086956521739,
    "profit_factor": 20.60458521493598
  },
  "out_of_sample_metrics": {
    "total_return_%": 417.87179122591056,
    "max_drawdown_%": 2.9833403254392166,
    "sharpe_ratio": 1.1329215056378987,
    "sortino_ratio": 2.234467905835493,
    "calmar_ratio": 22.674096160096823,
    "total_trades": 14,
    "win_rate_%": 85.71428571428571,
    "profit_factor": 58.91621464310556
  }
}