{
  "in_sample_metrics": {
    "total_return_%": 359.7478856018791,
    "max_drawdown_%": 2.466649755824791,
    "sharpe_ratio": 1.479375491455305,
    "sortino_ratio": 1.2394647088105302,
    "calmar_ratio": 9.460526426204797,
    "total_trades": 34,
    "win_rate_%": 88.23529411764706,
    "profit_factor": 23.362986134210228
  },
  "out_of_sample_metrics": {
    "total_return_%": 415.3973381588581,
    "max_drawdown_%": 3.858656840841567,
    "sharpe_ratio": 1.141826226247515,
    "sortino_ratio": Infinity,
    "calmar_ratio": 17.456636755949003,
    "total_trades": 13,
    "win_rate_%": 92.3076923076923,
    "profit_factor": 48.91317777695298
  }
}