{
  "in_sample_metrics": {
    "total_return_%": 311.97715601911005,
    "max_drawdown_%": 3.0732403032703686,
    "sharpe_ratio": 1.3192760502494898,
    "sortino_ratio": 1.101940638778119,
    "calmar_ratio": 7.102031999184856,
    "total_trades": 36,
    "win_rate_%": 86.11111111111111,
    "profit_factor": 19.065901871184973
  },
  "out_of_sample_metrics": {
    "total_return_%": 418.9021049146986,
    "max_drawdown_%": 2.9867147969326684,
    "sharpe_ratio": 1.1380497443092557,
    "sortino_ratio": Infinity,
    "calmar_ratio": 22.639254636357997,
    "total_trades": 13,
    "win_rate_%": 92.3076923076923,
    "profit_factor": 63.91375597347358
  }
}