{
  "in_sample": {
    "total_return_%": 367.4191082544146,
    "max_drawdown_%": 2.4080436707832416,
    "sharpe_ratio": 1.4086774407651461,
    "sortino_ratio": 1.1896290521402126,
    "calmar_ratio": 9.710229231474639,
    "total_trades": 30,
    "win_rate_%": 90.0,
    "profit_factor": 24.898768829632377
  },
  "out_of_sample": {
    "total_return_%": 188.9459297594285,
    "max_drawdown_%": 4.212147894205256,
    "sharpe_ratio": 1.5170932536700792,
    "sortino_ratio": 1.2538148845253478,
    "calmar_ratio": 9.115788443504298,
    "total_trades": 13,
    "win_rate_%": 84.61538461538461,
    "profit_factor": 17.291108365901586
  }
}