{
  "in_sample": {
    "total_return_%": 290.36734232222625,
    "max_drawdown_%": 3.576463073374028,
    "sharpe_ratio": 1.2836201601252024,
    "sortino_ratio": 0.7814746650375001,
    "calmar_ratio": 5.685008175136262,
    "total_trades": 27,
    "win_rate_%": 88.88888888888889,
    "profit_factor": 24.831635058418374
  },
  "out_of_sample": {
    "total_return_%": 184.8617943321474,
    "max_drawdown_%": 3.27830307146044,
    "sharpe_ratio": 1.487598351917242,
    "sortino_ratio": 1.6115042122855516,
    "calmar_ratio": 11.332986166299104,
    "total_trades": 15,
    "win_rate_%": 73.33333333333333,
    "profit_factor": 22.621357285021954
  }
}