{
  "in_sample": {
    "total_return_%": 370.93640394060134,
    "max_drawdown_%": 2.3818463548189004,
    "sharpe_ratio": 1.4941594295979905,
    "sortino_ratio": 6.505664471636599,
    "calmar_ratio": 9.938832163104289,
    "total_trades": 32,
    "win_rate_%": 93.75,
    "profit_factor": 25.629346143787963
  },
  "out_of_sample": {
    "total_return_%": 166.70771837218265,
    "max_drawdown_%": 3.902824190854959,
    "sharpe_ratio": 1.5245461009696541,
    "sortino_ratio": Infinity,
    "calmar_ratio": 9.153247230649214,
    "total_trades": 12,
    "win_rate_%": 91.66666666666666,
    "profit_factor": 20.38406643810246
  }
}