{
  "in_sample": {
    "total_return_%": 309.8519620835336,
    "max_drawdown_%": 3.0857000162556334,
    "sharpe_ratio": 1.3011581095891418,
    "sortino_ratio": 0.9385304261049995,
    "calmar_ratio": 6.913698571988972,
    "total_trades": 29,
    "win_rate_%": 89.65517241379311,
    "profit_factor": 20.31707758472968
  },
  "out_of_sample": {
    "total_return_%": 196.24708203421113,
    "max_drawdown_%": 3.216903745094419,
    "sharpe_ratio": 1.5332322913809757,
    "sortino_ratio": Infinity,
    "calmar_ratio": 12.112116139294123,
    "total_trades": 12,
    "win_rate_%": 91.66666666666666,
    "profit_factor": 30.650229259168587
  }
}