{
  "in_sample": {
    "total_return_%": 400.73952855987204,
    "max_drawdown_%": 2.1207021879281402,
    "sharpe_ratio": 1.4125392817159066,
    "sortino_ratio": 1.388230329490099,
    "calmar_ratio": 11.593861582684044,
    "total_trades": 30,
    "win_rate_%": 90.0,
    "profit_factor": 27.031270901925318
  },
  "out_of_sample": {
    "total_return_%": 151.91799207888667,
    "max_drawdown_%": 4.209639624760128,
    "sharpe_ratio": 1.4197826554380644,
    "sortino_ratio": 1.0966362311895292,
    "calmar_ratio": 7.9729585051777345,
    "total_trades": 12,
    "win_rate_%": 83.33333333333334,
    "profit_factor": 14.12484757532018
  }
}