{
  "in_sample": {
    "total_return_%": 332.26412369827534,
    "max_drawdown_%": 2.8101666814131034,
    "sharpe_ratio": 1.3649207706731707,
    "sortino_ratio": 1.4742192398399117,
    "calmar_ratio": 7.872242726519137,
    "total_trades": 34,
    "win_rate_%": 82.35294117647058,
    "profit_factor": 18.24369655102929
  },
  "out_of_sample": {
    "total_return_%": 183.25604688846613,
    "max_drawdown_%": 4.160748117300351,
    "sharpe_ratio": 1.5135466375103288,
    "sortino_ratio": Infinity,
    "calmar_ratio": 9.005086292188755,
    "total_trades": 12,
    "win_rate_%": 91.66666666666666,
    "profit_factor": 22.280927814312413
  }
}