{
  "in_sample": {
    "total_return_%": 370.2164180909046,
    "max_drawdown_%": 2.3813227465102313,
    "sharpe_ratio": 1.4070890642245042,
    "sortino_ratio": 1.2058232956621204,
    "calmar_ratio": 9.858802007534102,
    "total_trades": 31,
    "win_rate_%": 90.32258064516128,
    "profit_factor": 25.090596224936036
  },
  "out_of_sample": {
    "total_return_%": 189.47827951431057,
    "max_drawdown_%": 4.212147894205256,
    "sharpe_ratio": 1.5193403859731853,
    "sortino_ratio": 1.1509766446424463,
    "calmar_ratio": 9.117428075099655,
    "total_trades": 13,
    "win_rate_%": 84.61538461538461,
    "profit_factor": 18.111120112946576
  }
}