{
  "in_sample": {
    "total_return_%": 281.66077315801255,
    "max_drawdown_%": 3.770304299576732,
    "sharpe_ratio": 1.2324247621432884,
    "sortino_ratio": 0.7715064989066479,
    "calmar_ratio": 5.317653439448419,
    "total_trades": 27,
    "win_rate_%": 85.18518518518519,
    "profit_factor": 23.95978634215618
  },
  "out_of_sample": {
    "total_return_%": 197.33887197920416,
    "max_drawdown_%": 3.27830307146044,
    "sharpe_ratio": 1.520351991081841,
    "sortino_ratio": 1.5216285640687055,
    "calmar_ratio": 11.793873530487133,
    "total_trades": 14,
    "win_rate_%": 78.57142857142857,
    "profit_factor": 25.54405028276148
  }
}