{
  "in_sample": {
    "total_return_%": 277.9138702676204,
    "max_drawdown_%": 3.8939004366598495,
    "sharpe_ratio": 1.229248884294909,
    "sortino_ratio": 0.6931634876970436,
    "calmar_ratio": 5.089238499438836,
    "total_trades": 26,
    "win_rate_%": 88.46153846153845,
    "profit_factor": 23.812073784818615
  },
  "out_of_sample": {
    "total_return_%": 199.82553928612532,
    "max_drawdown_%": 3.307075864770796,
    "sharpe_ratio": 1.5153064722442307,
    "sortino_ratio": 2.1744546541156367,
    "calmar_ratio": 11.729181858022168,
    "total_trades": 14,
    "win_rate_%": 78.57142857142857,
    "profit_factor": 21.344691660012884
  }
}