{
  "in_sample": {
    "total_return_%": 322.9878066882006,
    "max_drawdown_%": 2.8986891555565855,
    "sharpe_ratio": 1.3238430473222393,
    "sortino_ratio": 1.0492362085674287,
    "calmar_ratio": 7.532646696310294,
    "total_trades": 31,
    "win_rate_%": 87.09677419354838,
    "profit_factor": 20.614636092210148
  },
  "out_of_sample": {
    "total_return_%": 191.20851522654752,
    "max_drawdown_%": 3.216903745094419,
    "sharpe_ratio": 1.5331338512548829,
    "sortino_ratio": Infinity,
    "calmar_ratio": 11.93954998952131,
    "total_trades": 12,
    "win_rate_%": 91.66666666666666,
    "profit_factor": 29.898168572170253
  }
}