{
  "in_sample": {
    "total_return_%": 391.2183197900778,
    "max_drawdown_%": 2.202362273309498,
    "sharpe_ratio": 1.3526786675348932,
    "sortino_ratio": 9.406050880389442,
    "calmar_ratio": 10.998388342577178,
    "total_trades": 33,
    "win_rate_%": 93.93939393939394,
    "profit_factor": 26.966233308335443
  },
  "out_of_sample": {
    "total_return_%": 183.76778361343491,
    "max_drawdown_%": 4.2089386445773345,
    "sharpe_ratio": 1.504653518653542,
    "sortino_ratio": Infinity,
    "calmar_ratio": 8.940241699090013,
    "total_trades": 12,
    "win_rate_%": 91.66666666666666,
    "profit_factor": 22.33958592153009
  }
}