{
  "in_sample": {
    "total_return_%": 307.48545692051454,
    "max_drawdown_%": 3.1236978167134675,
    "sharpe_ratio": 1.2868248031031666,
    "sortino_ratio": 1.113492411212518,
    "calmar_ratio": 6.797640246347537,
    "total_trades": 30,
    "win_rate_%": 86.66666666666667,
    "profit_factor": 18.094564978224522
  },
  "out_of_sample": {
    "total_return_%": 191.50311126414917,
    "max_drawdown_%": 3.2208276164388874,
    "sharpe_ratio": 1.528033977621207,
    "sortino_ratio": Infinity,
    "calmar_ratio": 11.909482384740327,
    "total_trades": 12,
    "win_rate_%": 91.66666666666666,
    "profit_factor": 29.942140222618292
  }
}