{
  "in_sample": {
    "total_return_%": 370.88146433496763,
    "max_drawdown_%": 2.3799304392926093,
    "sharpe_ratio": 1.4876031845584696,
    "sortino_ratio": 6.55957884711159,
    "calmar_ratio": 9.96258354985633,
    "total_trades": 31,
    "win_rate_%": 93.54838709677419,
    "profit_factor": 25.6127058309866
  },
  "out_of_sample": {
    "total_return_%": 167.19354745211757,
    "max_drawdown_%": 3.900068829562981,
    "sharpe_ratio": 1.525579319809456,
    "sortino_ratio": Infinity,
    "calmar_ratio": 9.177078067215506,
    "total_trades": 12,
    "win_rate_%": 91.66666666666666,
    "profit_factor": 20.439754867073475
  }
}