{
  "in_sample": {
    "total_return_%": 368.1039252382773,
    "max_drawdown_%": 2.3989723855886913,
    "sharpe_ratio": 1.462621201220154,
    "sortino_ratio": 1.1884779958039802,
    "calmar_ratio": 9.707928837716864,
    "total_trades": 30,
    "win_rate_%": 90.0,
    "profit_factor": 24.942597017387552
  },
  "out_of_sample": {
    "total_return_%": 185.8510308005297,
    "max_drawdown_%": 4.2089386445773345,
    "sharpe_ratio": 1.5162324823934739,
    "sortino_ratio": 1.137454128294502,
    "calmar_ratio": 9.010230422196857,
    "total_trades": 13,
    "win_rate_%": 84.61538461538461,
    "profit_factor": 17.787989936135453
  }
}