{
  "in_sample": {
    "total_return_%": 406.79885836934596,
    "max_drawdown_%": 2.0762581097709623,
    "sharpe_ratio": 1.387174187655286,
    "sortino_ratio": 1.4284964549807968,
    "calmar_ratio": 11.972432891356686,
    "total_trades": 31,
    "win_rate_%": 90.32258064516128,
    "profit_factor": 27.431867102918666
  },
  "out_of_sample": {
    "total_return_%": 151.91799207888667,
    "max_drawdown_%": 4.209639624760128,
    "sharpe_ratio": 1.4197826554380641,
    "sortino_ratio": 1.0966362311895292,
    "calmar_ratio": 7.9729585051777345,
    "total_trades": 12,
    "win_rate_%": 83.33333333333334,
    "profit_factor": 14.12484757532018
  }
}