{
  "in_sample": {
    "total_return_%": 297.0015628717826,
    "max_drawdown_%": 3.4122263840711264,
    "sharpe_ratio": 1.3187574545121004,
    "sortino_ratio": 0.8361701505529227,
    "calmar_ratio": 6.050631990355579,
    "total_trades": 27,
    "win_rate_%": 88.88888888888889,
    "profit_factor": 25.471849324223072
  },
  "out_of_sample": {
    "total_return_%": 186.95857942736117,
    "max_drawdown_%": 3.2665966995052567,
    "sharpe_ratio": 1.4945966049916917,
    "sortino_ratio": 1.4885806563358186,
    "calmar_ratio": 11.532674230325155,
    "total_trades": 13,
    "win_rate_%": 76.92307692307693,
    "profit_factor": 24.246535063300534
  }
}