{
  "in_sample": {
    "total_return_%": 407.3359978728681,
    "max_drawdown_%": 2.1023278803852197,
    "sharpe_ratio": 1.4220005919752912,
    "sortino_ratio": 1.4126068644187433,
    "calmar_ratio": 11.772964387173351,
    "total_trades": 30,
    "win_rate_%": 90.0,
    "profit_factor": 27.4534439823014
  },
  "out_of_sample": {
    "total_return_%": 179.29796803105344,
    "max_drawdown_%": 4.209639624760128,
    "sharpe_ratio": 1.5214643993064354,
    "sortino_ratio": 1.2143272818753912,
    "calmar_ratio": 8.828616778050334,
    "total_trades": 13,
    "win_rate_%": 84.61538461538461,
    "profit_factor": 16.470542822042553
  }
}