{
  "in_sample": {
    "total_return_%": 371.73706506500974,
    "max_drawdown_%": 2.3718848603998777,
    "sharpe_ratio": 1.4659887576419195,
    "sortino_ratio": 6.554158363245806,
    "calmar_ratio": 9.85401145668471,
    "total_trades": 33,
    "win_rate_%": 93.93939393939394,
    "profit_factor": 25.694660884025872
  },
  "out_of_sample": {
    "total_return_%": 185.50298250715903,
    "max_drawdown_%": 4.2089386445773345,
    "sharpe_ratio": 1.507773230699017,
    "sortino_ratio": Infinity,
    "calmar_ratio": 8.993896059289117,
    "total_trades": 12,
    "win_rate_%": 91.66666666666666,
    "profit_factor": 22.53848406150289
  }
}