{
  "in_sample": {
    "total_return_%": 406.7677736899692,
    "max_drawdown_%": 2.076481355960387,
    "sharpe_ratio": 1.380294852535784,
    "sortino_ratio": 1.4283429201218472,
    "calmar_ratio": 11.970929699181536,
    "total_trades": 30,
    "win_rate_%": 90.0,
    "profit_factor": 27.41707771691667
  },
  "out_of_sample": {
    "total_return_%": 151.91799207888667,
    "max_drawdown_%": 4.209639624760128,
    "sharpe_ratio": 1.4197826554380641,
    "sortino_ratio": 1.0966362311895292,
    "calmar_ratio": 7.9729585051777345,
    "total_trades": 12,
    "win_rate_%": 83.33333333333334,
    "profit_factor": 14.12484757532018
  }
}