{
  "in_sample": {
    "total_return_%": 401.9081583413974,
    "max_drawdown_%": 2.111983014023653,
    "sharpe_ratio": 1.4219875612029218,
    "sortino_ratio": 1.39657425504561,
    "calmar_ratio": 11.671534444542841,
    "total_trades": 31,
    "win_rate_%": 90.32258064516128,
    "profit_factor": 27.118863009664317
  },
  "out_of_sample": {
    "total_return_%": 151.91799207888667,
    "max_drawdown_%": 4.209639624760128,
    "sharpe_ratio": 1.42073645524619,
    "sortino_ratio": 1.098100365009542,
    "calmar_ratio": 7.983603309590523,
    "total_trades": 12,
    "win_rate_%": 83.33333333333334,
    "profit_factor": 14.12484757532018
  }
}