{
  "in_sample": {
    "total_return_%": 279.34505273532517,
    "max_drawdown_%": 3.8583981896989132,
    "sharpe_ratio": 1.2262584429689254,
    "sortino_ratio": 0.7033396449337956,
    "calmar_ratio": 5.159134183176011,
    "total_trades": 26,
    "win_rate_%": 88.46153846153845,
    "profit_factor": 23.92739219017247
  },
  "out_of_sample": {
    "total_return_%": 199.81604573301567,
    "max_drawdown_%": 3.27830307146044,
    "sharpe_ratio": 1.5317706541347504,
    "sortino_ratio": 1.527974799761557,
    "calmar_ratio": 11.843062079469165,
    "total_trades": 14,
    "win_rate_%": 78.57142857142857,
    "profit_factor": 25.847838730110198
  }
}