{
  "in_sample": {
    "total_return_%": 401.4706144331142,
    "max_drawdown_%": 2.1186504932316463,
    "sharpe_ratio": 1.4040169969450738,
    "sortino_ratio": 1.500852591705162,
    "calmar_ratio": 11.69616131344268,
    "total_trades": 32,
    "win_rate_%": 87.5,
    "profit_factor": 26.675518883920592
  },
  "out_of_sample": {
    "total_return_%": 167.88463576526112,
    "max_drawdown_%": 3.902824190854959,
    "sharpe_ratio": 1.528889470232079,
    "sortino_ratio": 1.2623255508225342,
    "calmar_ratio": 9.167473181639155,
    "total_trades": 13,
    "win_rate_%": 84.61538461538461,
    "profit_factor": 15.499831343121599
  }
}