{
  "in_sample": {
    "total_return_%": 284.7223951822137,
    "max_drawdown_%": 3.6997905098660495,
    "sharpe_ratio": 1.2538668136111626,
    "sortino_ratio": 0.9084366940965756,
    "calmar_ratio": 5.455036012120218,
    "total_trades": 28,
    "win_rate_%": 82.14285714285714,
    "profit_factor": 22.578053051445615
  },
  "out_of_sample": {
    "total_return_%": 185.30673698771696,
    "max_drawdown_%": 3.2665966995052567,
    "sharpe_ratio": 1.4905007724640291,
    "sortino_ratio": 1.474139982219988,
    "calmar_ratio": 11.420796120438851,
    "total_trades": 13,
    "win_rate_%": 76.92307692307693,
    "profit_factor": 24.043961202975993
  }
}