{
  "in_sample": {
    "total_return_%": 294.7826110768037,
    "max_drawdown_%": 3.4558141253465693,
    "sharpe_ratio": 1.3130672175481197,
    "sortino_ratio": 0.8189889838236107,
    "calmar_ratio": 5.933616468618922,
    "total_trades": 27,
    "win_rate_%": 88.88888888888889,
    "profit_factor": 25.292280629310394
  },
  "out_of_sample": {
    "total_return_%": 185.30673698771696,
    "max_drawdown_%": 3.2665966995052567,
    "sharpe_ratio": 1.4905007724640291,
    "sortino_ratio": 1.474139982219988,
    "calmar_ratio": 11.420796120438851,
    "total_trades": 13,
    "win_rate_%": 76.92307692307693,
    "profit_factor": 24.043961202975993
  }
}