{
  "in_sample": {
    "total_return_%": 410.8485033412343,
    "max_drawdown_%": 2.0767810830505056,
    "sharpe_ratio": 1.3932886153680055,
    "sortino_ratio": 1.443553052942572,
    "calmar_ratio": 12.055268731759256,
    "total_trades": 30,
    "win_rate_%": 90.0,
    "profit_factor": 27.67824382340677
  },
  "out_of_sample": {
    "total_return_%": 168.545602893902,
    "max_drawdown_%": 3.9006706955292825,
    "sharpe_ratio": 1.5404531050634982,
    "sortino_ratio": 1.2615598721365378,
    "calmar_ratio": 9.161841485048429,
    "total_trades": 13,
    "win_rate_%": 84.61538461538461,
    "profit_factor": 15.556047035788685
  }
}