{
  "in_sample": {
    "total_return_%": 310.01652865891333,
    "max_drawdown_%": 3.14748480079218,
    "sharpe_ratio": 1.2964415735373858,
    "sortino_ratio": 0.940327474558897,
    "calmar_ratio": 6.746839787519005,
    "total_trades": 27,
    "win_rate_%": 88.88888888888889,
    "profit_factor": 26.525085553156273
  },
  "out_of_sample": {
    "total_return_%": 186.95857942736117,
    "max_drawdown_%": 3.2665966995052567,
    "sharpe_ratio": 1.4955844125442852,
    "sortino_ratio": 1.4905341742575193,
    "calmar_ratio": 11.547808973409571,
    "total_trades": 13,
    "win_rate_%": 76.92307692307693,
    "profit_factor": 24.246535063300534
  }
}