{
  "in_sample": {
    "total_return_%": 385.86728958586747,
    "max_drawdown_%": 2.2421211712013167,
    "sharpe_ratio": 1.5167421615611358,
    "sortino_ratio": 1.411687932168591,
    "calmar_ratio": 10.744972235698357,
    "total_trades": 36,
    "win_rate_%": 86.11111111111111,
    "profit_factor": 25.720390223058935
  },
  "out_of_sample": {
    "total_return_%": 168.41698552014316,
    "max_drawdown_%": 3.902824190854959,
    "sharpe_ratio": 1.5333006931929654,
    "sortino_ratio": 1.161946411847589,
    "calmar_ratio": 9.196488029900957,
    "total_trades": 13,
    "win_rate_%": 84.61538461538461,
    "profit_factor": 16.23489375263378
  }
}