{
  "in_sample": {
    "total_return_%": 405.36475789656106,
    "max_drawdown_%": 2.0866078641984642,
    "sharpe_ratio": 1.406824585365954,
    "sortino_ratio": 1.420524062120342,
    "calmar_ratio": 11.895680615846441,
    "total_trades": 30,
    "win_rate_%": 90.0,
    "profit_factor": 27.3272849093988
  },
  "out_of_sample": {
    "total_return_%": 168.545602893902,
    "max_drawdown_%": 3.9006706955292825,
    "sharpe_ratio": 1.5404531050634982,
    "sortino_ratio": 1.2615598721365378,
    "calmar_ratio": 9.161841485048429,
    "total_trades": 13,
    "win_rate_%": 84.61538461538461,
    "profit_factor": 15.556047035788685
  }
}