{
  "in_sample": {
    "total_return_%": 408.2186770754919,
    "max_drawdown_%": 2.089207731550976,
    "sharpe_ratio": 1.4244453732506954,
    "sortino_ratio": 1.4283206870226832,
    "calmar_ratio": 11.924260772439807,
    "total_trades": 31,
    "win_rate_%": 90.32258064516128,
    "profit_factor": 27.522735294417455
  },
  "out_of_sample": {
    "total_return_%": 168.41936549481673,
    "max_drawdown_%": 3.902824190854959,
    "sharpe_ratio": 1.5287389742238209,
    "sortino_ratio": 1.2632753957747451,
    "calmar_ratio": 9.174371305598093,
    "total_trades": 13,
    "win_rate_%": 84.61538461538461,
    "profit_factor": 15.54531046127149
  }
}