{
  "in_sample": {
    "total_return_%": 311.7992008754693,
    "max_drawdown_%": 3.14748480079218,
    "sharpe_ratio": 1.2988983045415834,
    "sortino_ratio": 0.9401639941547808,
    "calmar_ratio": 6.751317852012267,
    "total_trades": 27,
    "win_rate_%": 88.88888888888889,
    "profit_factor": 26.669348319075024
  },
  "out_of_sample": {
    "total_return_%": 186.95857942736117,
    "max_drawdown_%": 3.2665966995052567,
    "sharpe_ratio": 1.4936107521718147,
    "sortino_ratio": 1.4866322523353792,
    "calmar_ratio": 11.51757910698703,
    "total_trades": 13,
    "win_rate_%": 76.92307692307693,
    "profit_factor": 24.246535063300534
  }
}