{
  "in_sample": {
    "total_return_%": 309.9395450686518,
    "max_drawdown_%": 3.0633159627875868,
    "sharpe_ratio": 1.3006892086592245,
    "sortino_ratio": 1.1130971710194615,
    "calmar_ratio": 6.970466902013819,
    "total_trades": 29,
    "win_rate_%": 86.20689655172413,
    "profit_factor": 18.806690646066087
  },
  "out_of_sample": {
    "total_return_%": 190.4060768090307,
    "max_drawdown_%": 3.216903745094419,
    "sharpe_ratio": 1.5315081184445218,
    "sortino_ratio": Infinity,
    "calmar_ratio": 11.89126248230737,
    "total_trades": 12,
    "win_rate_%": 91.66666666666666,
    "profit_factor": 29.778395944240888
  }
}