{
  "in_sample": {
    "total_return_%": 339.35047164747164,
    "max_drawdown_%": 2.6922991637120446,
    "sharpe_ratio": 1.3877866759432047,
    "sortino_ratio": 1.4692881691336914,
    "calmar_ratio": 8.303139259174857,
    "total_trades": 36,
    "win_rate_%": 75.0,
    "profit_factor": 17.640539023911163
  },
  "out_of_sample": {
    "total_return_%": 183.25604688846613,
    "max_drawdown_%": 4.160748117300351,
    "sharpe_ratio": 1.5135466375103288,
    "sortino_ratio": Infinity,
    "calmar_ratio": 9.005086292188755,
    "total_trades": 12,
    "win_rate_%": 91.66666666666666,
    "profit_factor": 22.280927814312413
  }
}