{
  "in_sample": {
    "total_return_%": 312.44114562895425,
    "max_drawdown_%": 3.136926502599892,
    "sharpe_ratio": 1.302116492757867,
    "sortino_ratio": 0.9427679551498952,
    "calmar_ratio": 6.767915973611881,
    "total_trades": 27,
    "win_rate_%": 88.88888888888889,
    "profit_factor": 26.721297704298337
  },
  "out_of_sample": {
    "total_return_%": 186.95857942736117,
    "max_drawdown_%": 3.2665966995052567,
    "sharpe_ratio": 1.4926268476461622,
    "sortino_ratio": 1.4846889422016074,
    "calmar_ratio": 11.502523448023648,
    "total_trades": 13,
    "win_rate_%": 76.92307692307693,
    "profit_factor": 24.246535063300534
  }
}