{
  "in_sample": {
    "total_return_%": 390.6916558628331,
    "max_drawdown_%": 2.2081507486193237,
    "sharpe_ratio": 1.4692011036357628,
    "sortino_ratio": 1.6120582370892143,
    "calmar_ratio": 10.912658905102955,
    "total_trades": 36,
    "win_rate_%": 86.11111111111111,
    "profit_factor": 23.196591211565405
  },
  "out_of_sample": {
    "total_return_%": 188.51649412575333,
    "max_drawdown_%": 4.2576623447548,
    "sharpe_ratio": 1.5254155801098377,
    "sortino_ratio": 1.2374026450318598,
    "calmar_ratio": 8.997930770927272,
    "total_trades": 13,
    "win_rate_%": 84.61538461538461,
    "profit_factor": 17.254584580440998
  }
}