{
  "in_sample": {
    "total_return_%": 293.48137298915964,
    "max_drawdown_%": 3.481896751442005,
    "sharpe_ratio": 1.3061512022819257,
    "sortino_ratio": 0.810184591503303,
    "calmar_ratio": 5.874137462136413,
    "total_trades": 27,
    "win_rate_%": 88.88888888888889,
    "profit_factor": 25.186977924809277
  },
  "out_of_sample": {
    "total_return_%": 185.30673698771696,
    "max_drawdown_%": 3.2665966995052567,
    "sharpe_ratio": 1.4905007724640291,
    "sortino_ratio": 1.474139982219988,
    "calmar_ratio": 11.420796120438851,
    "total_trades": 13,
    "win_rate_%": 76.92307692307693,
    "profit_factor": 24.043961202975993
  }
}