{
  "in_sample": {
    "total_return_%": 306.4873362114131,
    "max_drawdown_%": 3.1400061985217906,
    "sharpe_ratio": 1.28143934707437,
    "sortino_ratio": 1.1070314500957428,
    "calmar_ratio": 6.753352292008219,
    "total_trades": 30,
    "win_rate_%": 86.66666666666667,
    "profit_factor": 18.0401368095769
  },
  "out_of_sample": {
    "total_return_%": 190.67505616647597,
    "max_drawdown_%": 3.2208276164388874,
    "sharpe_ratio": 1.5326138435466998,
    "sortino_ratio": Infinity,
    "calmar_ratio": 11.852221529927114,
    "total_trades": 12,
    "win_rate_%": 91.66666666666666,
    "profit_factor": 29.818544027628604
  }
}