{
  "in_sample": {
    "total_return_%": 284.01732511714204,
    "max_drawdown_%": 3.746872963602669,
    "sharpe_ratio": 1.239603744680631,
    "sortino_ratio": 0.7338322674048511,
    "calmar_ratio": 5.3668454075781,
    "total_trades": 26,
    "win_rate_%": 88.46153846153845,
    "profit_factor": 24.30386340373762
  },
  "out_of_sample": {
    "total_return_%": 201.1048458782326,
    "max_drawdown_%": 3.27830307146044,
    "sharpe_ratio": 1.5334227248173695,
    "sortino_ratio": 1.5363267808111705,
    "calmar_ratio": 11.907796805508205,
    "total_trades": 14,
    "win_rate_%": 78.57142857142857,
    "profit_factor": 26.005890862890887
  }
}