{
  "in_sample": {
    "total_return_%": 310.6584734123983,
    "max_drawdown_%": 3.136926502599892,
    "sharpe_ratio": 1.3015042729724158,
    "sortino_ratio": 0.9455892755247389,
    "calmar_ratio": 6.782498098321976,
    "total_trades": 27,
    "win_rate_%": 88.88888888888889,
    "profit_factor": 26.577034938379587
  },
  "out_of_sample": {
    "total_return_%": 188.61317068535922,
    "max_drawdown_%": 3.241206626996436,
    "sharpe_ratio": 1.5114291256190986,
    "sortino_ratio": 1.0907102698525841,
    "calmar_ratio": 11.702844959035588,
    "total_trades": 12,
    "win_rate_%": 83.33333333333334,
    "profit_factor": 29.510785279827147
  }
}