{
  "in_sample": {
    "total_return_%": 399.7085948918633,
    "max_drawdown_%": 2.1303565211056705,
    "sharpe_ratio": 1.4007130680210875,
    "sortino_ratio": 1.3939718346536736,
    "calmar_ratio": 11.600091037400679,
    "total_trades": 32,
    "win_rate_%": 90.625,
    "profit_factor": 26.99089123857852
  },
  "out_of_sample": {
    "total_return_%": 167.88463576526112,
    "max_drawdown_%": 3.902824190854959,
    "sharpe_ratio": 1.5278576484427182,
    "sortino_ratio": 1.2606356906474034,
    "calmar_ratio": 9.155200794515139,
    "total_trades": 13,
    "win_rate_%": 84.61538461538461,
    "profit_factor": 15.499831343121599
  }
}