{
  "in_sample": {
    "total_return_%": 376.56542566300885,
    "max_drawdown_%": 2.3298113371217912,
    "sharpe_ratio": 1.5007576475907847,
    "sortino_ratio": 1.3952158150302774,
    "calmar_ratio": 10.231943551323553,
    "total_trades": 34,
    "win_rate_%": 88.23529411764706,
    "profit_factor": 24.975140010007507
  },
  "out_of_sample": {
    "total_return_%": 166.70771837218265,
    "max_drawdown_%": 3.902824190854959,
    "sharpe_ratio": 1.5235145049626828,
    "sortino_ratio": Infinity,
    "calmar_ratio": 9.140960992755723,
    "total_trades": 12,
    "win_rate_%": 91.66666666666666,
    "profit_factor": 20.38406643810246
  }
}