{
  "in_sample": {
    "total_return_%": 312.86446806872465,
    "max_drawdown_%": 3.038646713167236,
    "sharpe_ratio": 1.3125325195060256,
    "sortino_ratio": 0.9562668878283105,
    "calmar_ratio": 7.0523544508326985,
    "total_trades": 28,
    "win_rate_%": 89.28571428571429,
    "profit_factor": 20.48919562247238
  },
  "out_of_sample": {
    "total_return_%": 190.4060768090307,
    "max_drawdown_%": 3.216903745094419,
    "sharpe_ratio": 1.5315081184445218,
    "sortino_ratio": Infinity,
    "calmar_ratio": 11.89126248230737,
    "total_trades": 12,
    "win_rate_%": 91.66666666666666,
    "profit_factor": 29.778395944240888
  }
}