{
  "in_sample": {
    "total_return_%": 284.8421778361839,
    "max_drawdown_%": 3.6970853092188736,
    "sharpe_ratio": 1.2513043038720506,
    "sortino_ratio": 0.7910855444351178,
    "calmar_ratio": 5.451701748811949,
    "total_trades": 28,
    "win_rate_%": 85.71428571428571,
    "profit_factor": 24.23023892992389
  },
  "out_of_sample": {
    "total_return_%": 191.51640755877443,
    "max_drawdown_%": 3.27830307146044,
    "sharpe_ratio": 1.5095654089678017,
    "sortino_ratio": 1.4934468802766065,
    "calmar_ratio": 11.575442290190578,
    "total_trades": 14,
    "win_rate_%": 78.57142857142857,
    "profit_factor": 24.830011784935497
  }
}