{
  "in_sample": {
    "total_return_%": 312.44114562895425,
    "max_drawdown_%": 3.136926502599892,
    "sharpe_ratio": 1.3028515047799558,
    "sortino_ratio": 0.9438260561096595,
    "calmar_ratio": 6.77551183890213,
    "total_trades": 27,
    "win_rate_%": 88.88888888888889,
    "profit_factor": 26.721297704298337
  },
  "out_of_sample": {
    "total_return_%": 186.95857942736117,
    "max_drawdown_%": 3.2665966995052567,
    "sharpe_ratio": 1.4936107521718147,
    "sortino_ratio": 1.4866322523353792,
    "calmar_ratio": 11.51757910698703,
    "total_trades": 13,
    "win_rate_%": 76.92307692307693,
    "profit_factor": 24.246535063300534
  }
}