{
  "in_sample": {
    "total_return_%": 370.1188435232077,
    "max_drawdown_%": 2.3822448285727433,
    "sharpe_ratio": 1.4111515664684728,
    "sortino_ratio": 1.20583716035377,
    "calmar_ratio": 9.858343392398561,
    "total_trades": 30,
    "win_rate_%": 90.0,
    "profit_factor": 25.07155149571419
  },
  "out_of_sample": {
    "total_return_%": 188.9459297594285,
    "max_drawdown_%": 4.212147894205256,
    "sharpe_ratio": 1.5170932536700792,
    "sortino_ratio": 1.2538148845253478,
    "calmar_ratio": 9.115788443504298,
    "total_trades": 13,
    "win_rate_%": 84.61538461538461,
    "profit_factor": 17.291108365901586
  }
}