{
  "in_sample": {
    "total_return_%": 279.91399876012514,
    "max_drawdown_%": 3.8444639636304907,
    "sharpe_ratio": 1.2336637774762573,
    "sortino_ratio": 0.7072707613300238,
    "calmar_ratio": 5.186061286533205,
    "total_trades": 26,
    "win_rate_%": 88.46153846153845,
    "profit_factor": 23.97323536516438
  },
  "out_of_sample": {
    "total_return_%": 201.1048458782326,
    "max_drawdown_%": 3.27830307146044,
    "sharpe_ratio": 1.5334227248173695,
    "sortino_ratio": 1.5363267808111705,
    "calmar_ratio": 11.907796805508205,
    "total_trades": 14,
    "win_rate_%": 78.57142857142857,
    "profit_factor": 26.005890862890887
  }
}